date,code,cases,recent
2020-01-25,11300,1,1.0
2020-01-25,14500,1,1.0
2020-01-25,16260,1,1.0
2020-01-27,16550,1,1.0
2020-03-01,12850,1,1.0
2020-03-01,14000,1,1.0
2020-03-02,14000,1,2.0
2020-03-02,14500,1,1.0
2020-03-02,10500,1,1.0
2020-03-03,11570,2,2.0
2020-03-03,16700,1,1.0
2020-03-03,17150,1,1.0
2020-03-03,17420,2,2.0
2020-03-04,15990,1,1.0
2020-03-04,16700,4,5.0
2020-03-04,17200,1,1.0
2020-03-05,17150,1,2.0
2020-03-05,16700,1,6.0
2020-03-05,13310,1,1.0
2020-03-05,14000,1,3.0
2020-03-06,12380,1,1.0
2020-03-06,14000,2,5.0
2020-03-06,15990,1,2.0
2020-03-06,16260,2,2.0
2020-03-06,17150,1,3.0
2020-03-07,12850,1,2.0
2020-03-08,10900,1,1.0
2020-03-08,14000,1,6.0
2020-03-08,14900,1,1.0
2020-03-08,16260,3,5.0
2020-03-08,18500,1,1.0
2020-03-09,17200,2,3.0
2020-03-09,18250,1,1.0
2020-03-09,16260,3,8.0
2020-03-09,16700,1,7.0
2020-03-09,14170,1,1.0
2020-03-09,14700,1,1.0
2020-03-09,11520,1,1.0
2020-03-09,10750,3,3.0
2020-03-10,10900,1,2.0
2020-03-10,11520,1,2.0
2020-03-10,14500,1,2.0
2020-03-10,14700,1,2.0
2020-03-10,16350,1,1.0
2020-03-10,18500,1,2.0
2020-03-11,17200,1,4.0
2020-03-11,16700,1,8.0
2020-03-11,16150,2,2.0
2020-03-11,15990,1,3.0
2020-03-11,18500,1,3.0
2020-03-11,14000,3,9.0
2020-03-11,11650,1,1.0
2020-03-11,10750,2,5.0
2020-03-11,10500,3,4.0
2020-03-11,14100,1,1.0
2020-03-12,18050,2,2.0
2020-03-12,17150,1,4.0
2020-03-12,16700,1,9.0
2020-03-12,16260,1,9.0
2020-03-12,16150,1,3.0
2020-03-12,14900,1,2.0
2020-03-12,14170,1,2.0
2020-03-12,13800,1,1.0
2020-03-12,12380,1,2.0
2020-03-12,11500,1,1.0
2020-03-12,11450,1,1.0
2020-03-12,10750,1,6.0
2020-03-12,14000,1,10.0
2020-03-13,17150,1,5.0
2020-03-13,18500,4,7.0
2020-03-13,18350,1,1.0
2020-03-13,18050,2,4.0
2020-03-13,17200,2,6.0
2020-03-13,15950,1,1.0
2020-03-13,16700,1,10.0
2020-03-13,11800,2,2.0
2020-03-13,11720,1,1.0
2020-03-13,10900,1,3.0
2020-03-13,10750,1,7.0
2020-03-13,10500,1,5.0
2020-03-13,12930,1,1.0
2020-03-14,17200,3,9.0
2020-03-14,18500,1,8.0
2020-03-14,18250,1,2.0
2020-03-14,18050,4,8.0
2020-03-14,17420,1,3.0
2020-03-14,17150,1,6.0
2020-03-14,16550,1,1.0
2020-03-14,16260,1,10.0
2020-03-14,15990,2,5.0
2020-03-14,14100,1,2.0
2020-03-14,12380,1,3.0
2020-03-14,11520,1,3.0
2020-03-14,11350,1,1.0
2020-03-14,16350,1,2.0
2020-03-15,17150,1,7.0
2020-03-15,16260,3,13.0
2020-03-15,16550,1,2.0
2020-03-15,17200,2,11.0
2020-03-15,16700,1,11.0
2020-03-15,18350,1,2.0
2020-03-15,18450,1,1.0
2020-03-15,18500,4,12.0
2020-03-15,15990,1,6.0
2020-03-15,18050,2,10.0
2020-03-15,15350,2,2.0
2020-03-15,15950,1,2.0
2020-03-15,14650,1,1.0
2020-03-15,14700,2,4.0
2020-03-15,11570,1,3.0
2020-03-15,11720,2,3.0
2020-03-15,11800,1,3.0
2020-03-15,12380,2,5.0
2020-03-15,11650,1,2.0
2020-03-15,13800,1,2.0
2020-03-15,14000,1,10.0
2020-03-15,14100,1,3.0
2020-03-15,14170,2,4.0
2020-03-15,12850,1,2.0
2020-03-16,16550,3,5.0
2020-03-16,18450,1,2.0
2020-03-16,18350,1,3.0
2020-03-16,18050,5,15.0
2020-03-16,17420,2,5.0
2020-03-16,17150,1,8.0
2020-03-16,18500,1,13.0
2020-03-16,16700,1,12.0
2020-03-16,16260,1,14.0
2020-03-16,14900,2,4.0
2020-03-16,15350,2,4.0
2020-03-16,15240,2,2.0
2020-03-16,14500,2,3.0
2020-03-16,14170,1,5.0
2020-03-16,14000,1,10.0
2020-03-16,11570,1,4.0
2020-03-16,10500,1,5.0
2020-03-16,15950,1,3.0
2020-03-17,16700,1,12.0
2020-03-17,16150,1,4.0
2020-03-17,16260,1,15.0
2020-03-17,16350,3,5.0
2020-03-17,16550,1,6.0
2020-03-17,16950,1,1.0
2020-03-17,15990,7,13.0
2020-03-17,17200,5,16.0
2020-03-17,18050,3,18.0
2020-03-17,18250,3,5.0
2020-03-17,18350,1,4.0
2020-03-17,18500,4,17.0
2020-03-17,17150,7,14.0
2020-03-17,15950,1,4.0
2020-03-17,15900,3,3.0
2020-03-17,15350,4,8.0
2020-03-17,10470,1,1.0
2020-03-17,10500,2,7.0
2020-03-17,11300,1,1.0
2020-03-17,11350,1,2.0
2020-03-17,11450,3,4.0
2020-03-17,11650,1,3.0
2020-03-17,10750,1,8.0
2020-03-17,12380,1,6.0
2020-03-17,14100,1,4.0
2020-03-17,14170,1,6.0
2020-03-17,14400,1,1.0
2020-03-17,14500,3,6.0
2020-03-17,11720,1,4.0
2020-03-18,16350,2,7.0
2020-03-18,18500,3,20.0
2020-03-18,18450,1,3.0
2020-03-18,18050,8,26.0
2020-03-18,17550,2,2.0
2020-03-18,17420,1,4.0
2020-03-18,17200,10,25.0
2020-03-18,17150,4,18.0
2020-03-18,16950,1,2.0
2020-03-18,15950,1,5.0
2020-03-18,15900,1,4.0
2020-03-18,15350,1,9.0
2020-03-18,15050,1,1.0
2020-03-18,14170,1,7.0
2020-03-18,14000,1,11.0
2020-03-18,12380,2,8.0
2020-03-18,11650,2,5.0
2020-03-18,11570,1,3.0
2020-03-18,11450,1,5.0
2020-03-18,10750,1,9.0
2020-03-19,15240,1,3.0
2020-03-19,15990,3,15.0
2020-03-19,16260,1,16.0
2020-03-19,16350,1,8.0
2020-03-19,16550,4,10.0
2020-03-19,16700,1,8.0
2020-03-19,18050,3,29.0
2020-03-19,17200,6,31.0
2020-03-19,17420,2,6.0
2020-03-19,14900,1,5.0
2020-03-19,18450,1,4.0
2020-03-19,18500,4,24.0
2020-03-19,17150,2,19.0
2020-03-19,14700,2,6.0
2020-03-19,12380,3,11.0
2020-03-19,14500,3,9.0
2020-03-19,14650,3,4.0
2020-03-19,10900,1,4.0
2020-03-19,11450,2,7.0
2020-03-19,11570,3,6.0
2020-03-19,12700,1,1.0
2020-03-19,11650,2,7.0
2020-03-19,13800,1,3.0
2020-03-19,14000,1,11.0
2020-03-19,14100,1,5.0
2020-03-19,14170,1,8.0
2020-03-19,14400,1,2.0
2020-03-19,12930,1,2.0
2020-03-20,15950,1,6.0
2020-03-20,16700,4,12.0
2020-03-20,15990,4,18.0
2020-03-20,16150,1,5.0
2020-03-20,16260,1,15.0
2020-03-20,16550,1,11.0
2020-03-20,17100,1,1.0
2020-03-20,18450,2,6.0
2020-03-20,17200,5,36.0
2020-03-20,17420,1,7.0
2020-03-20,18050,16,45.0
2020-03-20,18350,4,8.0
2020-03-20,18500,10,34.0
2020-03-20,15240,2,5.0
2020-03-20,17150,4,22.0
2020-03-20,15050,2,3.0
2020-03-20,14650,3,7.0
2020-03-20,14900,2,7.0
2020-03-20,10470,1,2.0
2020-03-20,10500,1,8.0
2020-03-20,10750,2,11.0
2020-03-20,10900,1,5.0
2020-03-20,11650,1,8.0
2020-03-20,11720,1,5.0
2020-03-20,11570,6,12.0
2020-03-20,12700,1,2.0
2020-03-20,12930,1,3.0
2020-03-20,14000,3,12.0
2020-03-20,14170,1,9.0
2020-03-20,14500,1,10.0
2020-03-20,14920,1,1.0
2020-03-20,11730,1,1.0
2020-03-21,16700,1,13.0
2020-03-21,16260,1,16.0
2020-03-21,16350,3,11.0
2020-03-21,16380,1,1.0
2020-03-21,16490,2,2.0
2020-03-21,16550,2,13.0
2020-03-21,16900,1,1.0
2020-03-21,18450,2,8.0
2020-03-21,17150,7,29.0
2020-03-21,17200,4,40.0
2020-03-21,17420,2,9.0
2020-03-21,18050,21,66.0
2020-03-21,18250,3,8.0
2020-03-21,15950,2,8.0
2020-03-21,18500,8,42.0
2020-03-21,17100,1,2.0
2020-03-21,15900,4,8.0
2020-03-21,15990,12,30.0
2020-03-21,15240,1,6.0
2020-03-21,15350,2,11.0
2020-03-21,10550,2,2.0
2020-03-21,10750,1,12.0
2020-03-21,11450,3,10.0
2020-03-21,11570,1,13.0
2020-03-21,11650,8,16.0
2020-03-21,12380,3,13.0
2020-03-21,12750,2,2.0
2020-03-21,11500,3,4.0
2020-03-21,13800,1,4.0
2020-03-21,14000,2,14.0
2020-03-21,14170,3,12.0
2020-03-21,14500,5,15.0
2020-03-21,14650,1,8.0
2020-03-21,14700,4,10.0
2020-03-21,12930,2,5.0
2020-03-21,14900,1,8.0
2020-03-22,16400,1,1.0
2020-03-22,16380,2,3.0
2020-03-22,16350,1,12.0
2020-03-22,15950,2,10.0
2020-03-22,15990,7,37.0
2020-03-22,15900,3,11.0
2020-03-22,16490,1,3.0
2020-03-22,16260,2,15.0
2020-03-22,16700,3,16.0
2020-03-22,18450,4,12.0
2020-03-22,17150,9,38.0
2020-03-22,17200,5,45.0
2020-03-22,17310,2,2.0
2020-03-22,17400,2,2.0
2020-03-22,17420,4,13.0
2020-03-22,18050,4,70.0
2020-03-22,18350,2,10.0
2020-03-22,18500,4,45.0
2020-03-22,15350,8,19.0
2020-03-22,16950,1,3.0
2020-03-22,15240,1,7.0
2020-03-22,16900,3,4.0
2020-03-22,14900,4,11.0
2020-03-22,10050,1,1.0
2020-03-22,10250,1,1.0
2020-03-22,10470,2,4.0
2020-03-22,10500,2,10.0
2020-03-22,10550,1,3.0
2020-03-22,10850,1,1.0
2020-03-22,11450,3,13.0
2020-03-22,11500,4,8.0
2020-03-22,11570,6,19.0
2020-03-22,15050,1,4.0
2020-03-22,10750,3,15.0
2020-03-22,11730,2,3.0
2020-03-22,12380,3,16.0
2020-03-22,12930,2,7.0
2020-03-22,13800,1,5.0
2020-03-22,14100,1,6.0
2020-03-22,14170,4,16.0
2020-03-22,14500,2,17.0
2020-03-22,14650,1,9.0
2020-03-22,14700,1,11.0
2020-03-22,11650,4,20.0
2020-03-23,16490,1,4.0
2020-03-23,16400,3,4.0
2020-03-23,16380,1,4.0
2020-03-23,16350,3,15.0
2020-03-23,16260,3,15.0
2020-03-23,15270,1,1.0
2020-03-23,15950,3,13.0
2020-03-23,15900,7,18.0
2020-03-23,15700,1,1.0
2020-03-23,16550,5,18.0
2020-03-23,15990,6,43.0
2020-03-23,16700,4,19.0
2020-03-23,18350,1,11.0
2020-03-23,16950,2,5.0
2020-03-23,17150,8,46.0
2020-03-23,17200,7,50.0
2020-03-23,17310,1,3.0
2020-03-23,17420,3,16.0
2020-03-23,17550,6,8.0
2020-03-23,18020,1,1.0
2020-03-23,18050,15,85.0
2020-03-23,18250,2,9.0
2020-03-23,15240,2,9.0
2020-03-23,18450,5,17.0
2020-03-23,18500,9,54.0
2020-03-23,16900,2,6.0
2020-03-23,14920,1,2.0
2020-03-23,15050,3,7.0
2020-03-23,14870,1,1.0
2020-03-23,10250,1,2.0
2020-03-23,14900,2,13.0
2020-03-23,10750,5,17.0
2020-03-23,10850,2,3.0
2020-03-23,10900,2,6.0
2020-03-23,11300,1,2.0
2020-03-23,11450,1,14.0
2020-03-23,11500,1,9.0
2020-03-23,11570,5,24.0
2020-03-23,11650,6,26.0
2020-03-23,11720,3,8.0
2020-03-23,12380,3,19.0
2020-03-23,12390,2,2.0
2020-03-23,10500,2,12.0
2020-03-23,12930,2,9.0
2020-03-23,14850,1,1.0
2020-03-23,14700,4,14.0
2020-03-23,14650,8,17.0
2020-03-23,12700,1,3.0
2020-03-23,14400,1,3.0
2020-03-23,14500,2,19.0
2020-03-23,14200,2,2.0
2020-03-23,14170,5,20.0
2020-03-23,14000,3,16.0
2020-03-23,13800,1,6.0
2020-03-23,13310,2,2.0
2020-03-23,14350,1,1.0
2020-03-24,16550,7,25.0
2020-03-24,16490,1,5.0
2020-03-24,16400,4,8.0
2020-03-24,16380,3,7.0
2020-03-24,15240,6,15.0
2020-03-24,15990,11,54.0
2020-03-24,15950,3,16.0
2020-03-24,15900,4,22.0
2020-03-24,15350,4,23.0
2020-03-24,16700,5,24.0
2020-03-24,16350,10,24.0
2020-03-24,16950,2,7.0
2020-03-24,17420,4,20.0
2020-03-24,17100,1,3.0
2020-03-24,17150,2,48.0
2020-03-24,17200,13,63.0
2020-03-24,17310,4,7.0
2020-03-24,17750,2,2.0
2020-03-24,18050,13,98.0
2020-03-24,18250,2,11.0
2020-03-24,18350,1,12.0
2020-03-24,18450,3,20.0
2020-03-24,18500,4,57.0
2020-03-24,15050,3,10.0
2020-03-24,17000,2,2.0
2020-03-24,14900,2,15.0
2020-03-24,10470,2,6.0
2020-03-24,14650,5,22.0
2020-03-24,14700,3,16.0
2020-03-24,10050,1,2.0
2020-03-24,10500,2,14.0
2020-03-24,10550,1,4.0
2020-03-24,10750,4,21.0
2020-03-24,11350,1,3.0
2020-03-24,11400,1,1.0
2020-03-24,11570,6,30.0
2020-03-24,11650,13,39.0
2020-03-24,11720,1,9.0
2020-03-24,11730,1,4.0
2020-03-24,10900,2,7.0
2020-03-24,12380,2,21.0
2020-03-24,14500,5,23.0
2020-03-24,12160,1,1.0
2020-03-24,14100,1,7.0
2020-03-24,14000,7,23.0
2020-03-24,13450,1,1.0
2020-03-24,13800,5,11.0
2020-03-24,13310,1,3.0
2020-03-24,12930,2,11.0
2020-03-24,12870,2,2.0
2020-03-24,12850,2,3.0
2020-03-24,12750,1,3.0
2020-03-25,16260,3,18.0
2020-03-25,16550,5,30.0
2020-03-25,16400,3,11.0
2020-03-25,16350,4,28.0
2020-03-25,16700,3,26.0
2020-03-25,15990,11,64.0
2020-03-25,15270,1,2.0
2020-03-25,15900,6,28.0
2020-03-25,15850,1,1.0
2020-03-25,15350,2,25.0
2020-03-25,18500,10,66.0
2020-03-25,16900,5,11.0
2020-03-25,15950,5,21.0
2020-03-25,16950,1,8.0
2020-03-25,18350,1,13.0
2020-03-25,17100,1,4.0
2020-03-25,17150,5,53.0
2020-03-25,17200,8,70.0
2020-03-25,17310,1,8.0
2020-03-25,17420,3,23.0
2020-03-25,17620,1,1.0
2020-03-25,17750,1,3.0
2020-03-25,18050,10,108.0
2020-03-25,18100,1,1.0
2020-03-25,18250,1,12.0
2020-03-25,18400,1,1.0
2020-03-25,18450,5,25.0
2020-03-25,15050,5,15.0
2020-03-25,17040,1,1.0
2020-03-25,14900,2,17.0
2020-03-25,15240,5,20.0
2020-03-25,14700,2,18.0
2020-03-25,14850,1,2.0
2020-03-25,10050,2,4.0
2020-03-25,10500,3,14.0
2020-03-25,10550,1,5.0
2020-03-25,10750,8,27.0
2020-03-25,10900,3,10.0
2020-03-25,11350,1,4.0
2020-03-25,11450,1,15.0
2020-03-25,11500,4,13.0
2020-03-25,11520,3,4.0
2020-03-25,11570,9,39.0
2020-03-25,11650,11,49.0
2020-03-25,11720,2,11.0
2020-03-25,11800,2,5.0
2020-03-25,10250,1,3.0
2020-03-25,12390,3,5.0
2020-03-25,12380,1,22.0
2020-03-25,14650,6,28.0
2020-03-25,14200,1,3.0
2020-03-25,14170,8,28.0
2020-03-25,14100,2,8.0
2020-03-25,14000,3,23.0
2020-03-25,14500,3,26.0
2020-03-25,13340,2,2.0
2020-03-25,12750,1,4.0
2020-03-25,13800,2,13.0
2020-03-25,12850,1,4.0
2020-03-25,13010,2,2.0
2020-03-25,13310,1,4.0
2020-03-25,12930,1,12.0
2020-03-26,15350,2,27.0
2020-03-26,16550,5,35.0
2020-03-26,15650,1,1.0
2020-03-26,15900,3,31.0
2020-03-26,15950,1,22.0
2020-03-26,15990,12,76.0
2020-03-26,16260,1,18.0
2020-03-26,16350,3,31.0
2020-03-26,16380,2,9.0
2020-03-26,16400,3,14.0
2020-03-26,16490,2,7.0
2020-03-26,16700,3,28.0
2020-03-26,17950,1,1.0
2020-03-26,17150,6,58.0
2020-03-26,17200,10,80.0
2020-03-26,17310,1,9.0
2020-03-26,17420,1,24.0
2020-03-26,17550,3,11.0
2020-03-26,17750,1,4.0
2020-03-26,18050,17,123.0
2020-03-26,18250,1,13.0
2020-03-26,18450,4,29.0
2020-03-26,18500,2,68.0
2020-03-26,18710,2,2.0
2020-03-26,15240,3,23.0
2020-03-26,17040,4,5.0
2020-03-26,15050,4,19.0
2020-03-26,18400,1,2.0
2020-03-26,14700,1,19.0
2020-03-26,14900,4,20.0
2020-03-26,10050,2,6.0
2020-03-26,10470,1,7.0
2020-03-26,10550,2,7.0
2020-03-26,10750,6,32.0
2020-03-26,10900,2,12.0
2020-03-26,11300,1,3.0
2020-03-26,11350,1,5.0
2020-03-26,11500,4,16.0
2020-03-26,11520,2,6.0
2020-03-26,11570,8,47.0
2020-03-26,11650,11,60.0
2020-03-26,11720,1,12.0
2020-03-26,11450,6,20.0
2020-03-26,12380,3,24.0
2020-03-26,11800,2,7.0
2020-03-26,14500,2,28.0
2020-03-26,14170,5,32.0
2020-03-26,14100,2,10.0
2020-03-26,14000,2,24.0
2020-03-26,13800,2,14.0
2020-03-26,14650,2,30.0
2020-03-26,13310,1,5.0
2020-03-26,12930,2,14.0
2020-03-26,12870,2,4.0
2020-03-26,12850,3,7.0
2020-03-26,13450,2,3.0
2020-03-27,16490,1,8.0
2020-03-27,16400,2,16.0
2020-03-27,16380,3,12.0
2020-03-27,16350,6,37.0
2020-03-27,16260,1,19.0
2020-03-27,15990,8,84.0
2020-03-27,15950,10,31.0
2020-03-27,15900,2,33.0
2020-03-27,15560,2,2.0
2020-03-27,16550,6,41.0
2020-03-27,16150,2,4.0
2020-03-27,16700,5,32.0
2020-03-27,18500,4,68.0
2020-03-27,16950,6,14.0
2020-03-27,17150,2,59.0
2020-03-27,17200,9,87.0
2020-03-27,17310,1,10.0
2020-03-27,17400,1,3.0
2020-03-27,17420,1,25.0
2020-03-27,17640,2,2.0
2020-03-27,18020,1,2.0
2020-03-27,18050,10,131.0
2020-03-27,18250,3,16.0
2020-03-27,18350,2,14.0
2020-03-27,18450,5,34.0
2020-03-27,16900,3,14.0
2020-03-27,15350,1,28.0
2020-03-27,15050,2,21.0
2020-03-27,14900,7,27.0
2020-03-27,15240,5,28.0
2020-03-27,10500,3,16.0
2020-03-27,10550,1,8.0
2020-03-27,10750,7,38.0
2020-03-27,10900,1,12.0
2020-03-27,11400,1,2.0
2020-03-27,11450,4,24.0
2020-03-27,11520,2,8.0
2020-03-27,11570,4,51.0
2020-03-27,11650,15,75.0
2020-03-27,11720,1,12.0
2020-03-27,11730,3,7.0
2020-03-27,11500,3,19.0
2020-03-27,12750,2,6.0
2020-03-27,12380,6,30.0
2020-03-27,14700,2,21.0
2020-03-27,14650,3,33.0
2020-03-27,14500,8,36.0
2020-03-27,14350,1,2.0
2020-03-27,14850,2,4.0
2020-03-27,14000,7,31.0
2020-03-27,13800,3,17.0
2020-03-27,12930,10,23.0
2020-03-27,12870,2,6.0
2020-03-27,14170,7,39.0
2020-03-28,16400,5,21.0
2020-03-28,16380,5,17.0
2020-03-28,16350,5,41.0
2020-03-28,16260,1,19.0
2020-03-28,15990,11,93.0
2020-03-28,15900,4,37.0
2020-03-28,15560,1,3.0
2020-03-28,15270,2,4.0
2020-03-28,15240,2,30.0
2020-03-28,16490,1,9.0
2020-03-28,15950,1,32.0
2020-03-28,16550,1,41.0
2020-03-28,15050,1,22.0
2020-03-28,16900,1,15.0
2020-03-28,16950,2,16.0
2020-03-28,17000,1,3.0
2020-03-28,17150,11,69.0
2020-03-28,17200,3,87.0
2020-03-28,17310,1,11.0
2020-03-28,18050,2,129.0
2020-03-28,18250,1,16.0
2020-03-28,18350,1,15.0
2020-03-28,18450,3,37.0
2020-03-28,18500,2,69.0
2020-03-28,16700,7,39.0
2020-03-28,14700,1,22.0
2020-03-28,17420,8,32.0
2020-03-28,14500,3,39.0
2020-03-28,10130,1,1.0
2020-03-28,10250,1,4.0
2020-03-28,10470,1,8.0
2020-03-28,10600,1,1.0
2020-03-28,14650,3,36.0
2020-03-28,10750,4,42.0
2020-03-28,10900,1,13.0
2020-03-28,11450,1,25.0
2020-03-28,11500,2,21.0
2020-03-28,11520,3,10.0
2020-03-28,11570,5,56.0
2020-03-28,11650,6,81.0
2020-03-28,10500,3,19.0
2020-03-28,11730,1,8.0
2020-03-28,11720,3,15.0
2020-03-28,14170,3,42.0
2020-03-28,14000,1,32.0
2020-03-28,13800,1,18.0
2020-03-28,13310,1,6.0
2020-03-28,13850,1,1.0
2020-03-28,12850,1,8.0
2020-03-28,12750,2,8.0
2020-03-28,12700,1,4.0
2020-03-28,12380,3,32.0
2020-03-28,11800,1,6.0
2020-03-28,12930,3,26.0
2020-03-29,15950,1,32.0
2020-03-29,16700,1,39.0
2020-03-29,15990,6,98.0
2020-03-29,16260,2,18.0
2020-03-29,16350,1,42.0
2020-03-29,16380,2,19.0
2020-03-29,16400,2,23.0
2020-03-29,16550,1,41.0
2020-03-29,16900,2,17.0
2020-03-29,18350,1,15.0
2020-03-29,17150,3,71.0
2020-03-29,17200,10,95.0
2020-03-29,17310,1,12.0
2020-03-29,17420,6,38.0
2020-03-29,18250,1,17.0
2020-03-29,18450,1,37.0
2020-03-29,18500,1,66.0
2020-03-29,18710,4,6.0
2020-03-29,15900,3,40.0
2020-03-29,16950,4,20.0
2020-03-29,15240,1,31.0
2020-03-29,14700,2,22.0
2020-03-29,14900,2,29.0
2020-03-29,15050,2,24.0
2020-03-29,10500,7,26.0
2020-03-29,10650,1,1.0
2020-03-29,10750,12,54.0
2020-03-29,10900,1,14.0
2020-03-29,11300,1,4.0
2020-03-29,11350,2,6.0
2020-03-29,11500,3,24.0
2020-03-29,11520,3,13.0
2020-03-29,10470,1,9.0
2020-03-29,11650,7,87.0
2020-03-29,11570,4,59.0
2020-03-29,14650,3,38.0
2020-03-29,14170,2,42.0
2020-03-29,14850,1,5.0
2020-03-29,13340,1,3.0
2020-03-29,12930,5,31.0
2020-03-29,12380,4,34.0
2020-03-29,13800,1,18.0
2020-03-30,15950,1,32.0
2020-03-30,16950,2,22.0
2020-03-30,15990,7,105.0
2020-03-30,16350,4,46.0
2020-03-30,16380,1,20.0
2020-03-30,16400,1,24.0
2020-03-30,16700,4,42.0
2020-03-30,16900,1,18.0
2020-03-30,17040,1,6.0
2020-03-30,17550,1,12.0
2020-03-30,17200,2,97.0
2020-03-30,17420,1,37.0
2020-03-30,17750,4,8.0
2020-03-30,18050,2,124.0
2020-03-30,18350,1,15.0
2020-03-30,18450,3,39.0
2020-03-30,18500,3,68.0
2020-03-30,15900,1,41.0
2020-03-30,17150,2,72.0
2020-03-30,15800,1,1.0
2020-03-30,14650,2,40.0
2020-03-30,15350,1,25.0
2020-03-30,10500,3,28.0
2020-03-30,10750,6,60.0
2020-03-30,10900,3,17.0
2020-03-30,11300,1,5.0
2020-03-30,11570,5,63.0
2020-03-30,11650,1,88.0
2020-03-30,11720,3,16.0
2020-03-30,11800,1,6.0
2020-03-30,11350,4,10.0
2020-03-30,12750,1,9.0
2020-03-30,12850,1,8.0
2020-03-30,13310,1,7.0
2020-03-30,14000,1,31.0
2020-03-30,14100,1,9.0
2020-03-30,14170,3,44.0
2020-03-30,14350,1,3.0
2020-03-30,14500,1,38.0
2020-03-30,12380,2,36.0
2020-03-31,16700,3,44.0
2020-03-31,16610,1,1.0
2020-03-31,16550,3,40.0
2020-03-31,16400,1,25.0
2020-03-31,15990,10,108.0
2020-03-31,16350,2,45.0
2020-03-31,16260,4,20.0
2020-03-31,16900,1,19.0
2020-03-31,16380,2,22.0
2020-03-31,16950,1,22.0
2020-03-31,15900,2,40.0
2020-03-31,17150,4,69.0
2020-03-31,17200,3,95.0
2020-03-31,17420,5,42.0
2020-03-31,17640,1,3.0
2020-03-31,17650,1,1.0
2020-03-31,17750,1,9.0
2020-03-31,18050,4,125.0
2020-03-31,18250,1,15.0
2020-03-31,15950,2,33.0
2020-03-31,18500,3,67.0
2020-03-31,17100,1,5.0
2020-03-31,18450,2,41.0
2020-03-31,14500,6,41.0
2020-03-31,15350,1,22.0
2020-03-31,10500,5,31.0
2020-03-31,10550,1,9.0
2020-03-31,10650,1,2.0
2020-03-31,10750,6,65.0
2020-03-31,11250,1,1.0
2020-03-31,11450,2,24.0
2020-03-31,15700,1,2.0
2020-03-31,11570,5,68.0
2020-03-31,11650,9,96.0
2020-03-31,12380,5,40.0
2020-03-31,11500,2,26.0
2020-03-31,12870,1,7.0
2020-03-31,12850,1,9.0
2020-03-31,14900,1,28.0
2020-03-31,14700,3,25.0
2020-03-31,14400,1,3.0
2020-03-31,15050,2,26.0
2020-03-31,14000,1,32.0
2020-03-31,13800,1,19.0
2020-03-31,12930,2,33.0
2020-03-31,14170,2,45.0
2020-04-01,16350,2,45.0
2020-04-01,14700,2,27.0
2020-04-01,15050,2,27.0
2020-04-01,15240,2,31.0
2020-04-01,15900,3,42.0
2020-04-01,15950,3,35.0
2020-04-01,15990,7,115.0
2020-04-01,16260,3,23.0
2020-04-01,16400,2,27.0
2020-04-01,14650,1,41.0
2020-04-01,16700,5,49.0
2020-04-01,16950,3,24.0
2020-04-01,17150,4,69.0
2020-04-01,17200,12,97.0
2020-04-01,17420,4,45.0
2020-04-01,18050,9,126.0
2020-04-01,18450,3,43.0
2020-04-01,18500,1,65.0
2020-04-01,16550,5,45.0
2020-04-01,14500,2,43.0
2020-04-01,13800,1,20.0
2020-04-01,14170,2,46.0
2020-04-01,10500,1,32.0
2020-04-01,10750,7,71.0
2020-04-01,10900,1,18.0
2020-04-01,11350,2,11.0
2020-04-01,11450,1,24.0
2020-04-01,11520,1,14.0
2020-04-01,11570,1,68.0
2020-04-01,11650,2,96.0
2020-04-01,11500,1,27.0
2020-04-01,11800,2,8.0
2020-04-01,11720,3,18.0
2020-04-01,13910,2,2.0
2020-04-01,14350,1,4.0
2020-04-01,12930,1,34.0
2020-04-01,14100,1,9.0
2020-04-01,12700,1,5.0
2020-04-01,12380,5,43.0
2020-04-01,12850,2,11.0
2020-04-02,16900,1,20.0
2020-04-02,15700,1,3.0
2020-04-02,15950,2,37.0
2020-04-02,15990,2,114.0
2020-04-02,16260,1,23.0
2020-04-02,16350,2,46.0
2020-04-02,16400,1,28.0
2020-04-02,16550,3,44.0
2020-04-02,16950,1,25.0
2020-04-02,18500,1,62.0
2020-04-02,17150,8,75.0
2020-04-02,17200,6,97.0
2020-04-02,17420,3,46.0
2020-04-02,17750,1,10.0
2020-04-02,18050,4,127.0
2020-04-02,18350,1,15.0
2020-04-02,18450,1,43.0
2020-04-02,15350,2,23.0
2020-04-02,17000,1,4.0
2020-04-02,15240,2,32.0
2020-04-02,14900,1,28.0
2020-04-02,14870,1,2.0
2020-04-02,10500,1,33.0
2020-04-02,10650,1,3.0
2020-04-02,10750,5,76.0
2020-04-02,11250,1,2.0
2020-04-02,11300,1,5.0
2020-04-02,11570,3,68.0
2020-04-02,11650,4,98.0
2020-04-02,11720,2,20.0
2020-04-02,11800,1,9.0
2020-04-02,10250,2,6.0
2020-04-02,12850,1,12.0
2020-04-02,12930,3,36.0
2020-04-02,13550,1,1.0
2020-04-02,14100,1,9.0
2020-04-02,14170,6,51.0
2020-04-02,14400,1,3.0
2020-04-02,14500,4,44.0
2020-04-02,14650,2,40.0
2020-04-02,12380,3,43.0
2020-04-03,16150,1,3.0
2020-04-03,15990,7,117.0
2020-04-03,15050,1,26.0
2020-04-03,15900,1,43.0
2020-04-03,18450,3,44.0
2020-04-03,16260,3,25.0
2020-04-03,15950,1,37.0
2020-04-03,16350,3,49.0
2020-04-03,16950,3,28.0
2020-04-03,16490,1,10.0
2020-04-03,16550,6,49.0
2020-04-03,16700,1,45.0
2020-04-03,17100,1,5.0
2020-04-03,17150,2,73.0
2020-04-03,17200,5,97.0
2020-04-03,18050,3,114.0
2020-04-03,14870,1,3.0
2020-04-03,16380,2,24.0
2020-04-03,14700,3,28.0
2020-04-03,15350,4,27.0
2020-04-03,14500,4,47.0
2020-04-03,14650,1,38.0
2020-04-03,10500,2,34.0
2020-04-03,10750,7,81.0
2020-04-03,10900,1,17.0
2020-04-03,11450,2,24.0
2020-04-03,11500,1,28.0
2020-04-03,11570,3,65.0
2020-04-03,11650,2,99.0
2020-04-03,10650,2,5.0
2020-04-03,12380,4,47.0
2020-04-03,12750,1,10.0
2020-04-03,12850,3,15.0
2020-04-03,12930,4,39.0
2020-04-03,13800,1,20.0
2020-04-03,14000,1,28.0
2020-04-03,14100,2,11.0
2020-04-03,11800,1,10.0
2020-04-03,14170,7,57.0
2020-04-04,15950,1,36.0
2020-04-04,15990,3,108.0
2020-04-04,16350,2,48.0
2020-04-04,16400,2,30.0
2020-04-04,16550,4,51.0
2020-04-04,16700,1,45.0
2020-04-04,17550,1,11.0
2020-04-04,17420,2,45.0
2020-04-04,18050,4,97.0
2020-04-04,18350,1,12.0
2020-04-04,18500,1,45.0
2020-04-04,15350,2,27.0
2020-04-04,17200,8,101.0
2020-04-04,15240,2,31.0
2020-04-04,17150,2,68.0
2020-04-04,14650,1,38.0
2020-04-04,14700,3,27.0
2020-04-04,10500,5,39.0
2020-04-04,10750,2,82.0
2020-04-04,11400,3,5.0
2020-04-04,11450,1,22.0
2020-04-04,11520,1,15.0
2020-04-04,11500,1,26.0
2020-04-04,11650,3,94.0
2020-04-04,12380,3,47.0
2020-04-04,12850,1,16.0
2020-04-04,12930,4,41.0
2020-04-04,14170,2,56.0
2020-04-04,14400,2,5.0
2020-04-04,11570,1,65.0
2020-04-05,16700,1,43.0
2020-04-05,15900,1,37.0
2020-04-05,15990,2,103.0
2020-04-05,16550,2,53.0
2020-04-05,16900,1,17.0
2020-04-05,18500,1,42.0
2020-04-05,17150,3,62.0
2020-04-05,17200,6,102.0
2020-04-05,17420,1,42.0
2020-04-05,18050,4,97.0
2020-04-05,18350,1,11.0
2020-04-05,15350,1,20.0
2020-04-05,17100,2,6.0
2020-04-05,14700,1,27.0
2020-04-05,14000,1,27.0
2020-04-05,14170,3,55.0
2020-04-05,10500,3,40.0
2020-04-05,14500,1,41.0
2020-04-05,11450,1,20.0
2020-04-05,11500,1,23.0
2020-04-05,11570,1,60.0
2020-04-05,10750,1,80.0
2020-04-05,11800,1,11.0
2020-04-05,12380,5,49.0
2020-04-05,12850,3,19.0
2020-04-05,12930,2,41.0
2020-04-05,14100,1,11.0
2020-04-05,11650,1,91.0
2020-04-06,15990,1,98.0
2020-04-06,17150,2,56.0
2020-04-06,16700,1,40.0
2020-04-06,16550,2,50.0
2020-04-06,16260,1,20.0
2020-04-06,16200,1,1.0
2020-04-06,18350,3,13.0
2020-04-06,16150,1,4.0
2020-04-06,14700,1,24.0
2020-04-06,11520,1,16.0
2020-04-06,12930,3,42.0
2020-04-06,12380,1,47.0
2020-04-06,11650,1,86.0
2020-04-06,11450,1,20.0
2020-04-06,11350,1,12.0
2020-04-06,10750,2,77.0
2020-04-06,10500,6,44.0
2020-04-06,10130,1,2.0
2020-04-06,14650,2,31.0
2020-04-07,16260,1,21.0
2020-04-07,16400,1,23.0
2020-04-07,16550,3,46.0
2020-04-07,16950,1,24.0
2020-04-07,18450,1,31.0
2020-04-07,17150,3,57.0
2020-04-07,17550,1,6.0
2020-04-07,18050,3,72.0
2020-04-07,15990,1,88.0
2020-04-07,17100,1,6.0
2020-04-07,15350,1,17.0
2020-04-07,15900,4,30.0
2020-04-07,14500,3,37.0
2020-04-07,14100,3,13.0
2020-04-07,14000,1,18.0
2020-04-07,12930,1,41.0
2020-04-07,12850,1,18.0
2020-04-07,11650,1,74.0
2020-04-07,11520,1,17.0
2020-04-07,11450,1,21.0
2020-04-07,10750,1,74.0
2020-04-07,10500,2,44.0
2020-04-07,14900,2,19.0
2020-04-08,14900,5,22.0
2020-04-08,15900,1,25.0
2020-04-08,15950,1,24.0
2020-04-08,15990,2,79.0
2020-04-08,16350,1,31.0
2020-04-08,18050,4,66.0
2020-04-08,16550,1,42.0
2020-04-08,17100,3,8.0
2020-04-08,17150,1,53.0
2020-04-08,17200,1,75.0
2020-04-08,16400,1,21.0
2020-04-08,14500,2,36.0
2020-04-08,14000,2,17.0
2020-04-08,10250,1,4.0
2020-04-08,12930,2,42.0
2020-04-08,12850,1,18.0
2020-04-08,11650,1,64.0
2020-04-08,11570,3,43.0
2020-04-08,11520,2,16.0
2020-04-08,11450,1,21.0
2020-04-08,11350,2,12.0
2020-04-08,11300,1,5.0
2020-04-08,10750,1,67.0
2020-04-08,10500,2,43.0
2020-04-08,14100,1,12.0
2020-04-09,15900,1,23.0
2020-04-09,15950,1,24.0
2020-04-09,15990,2,69.0
2020-04-09,16550,3,40.0
2020-04-09,12850,2,17.0
2020-04-09,17200,1,66.0
2020-04-09,18050,1,50.0
2020-04-09,18500,1,18.0
2020-04-09,14900,4,22.0
2020-04-09,17150,1,48.0
2020-04-09,14650,1,19.0
2020-04-09,12160,1,1.0
2020-04-09,13800,1,9.0
2020-04-09,12930,1,41.0
2020-04-09,12380,1,42.0
2020-04-09,11800,1,8.0
2020-04-09,11650,2,55.0
2020-04-09,11570,1,36.0
2020-04-09,11500,1,15.0
2020-04-09,10750,6,67.0
2020-04-09,10050,1,1.0
2020-04-09,14500,2,36.0
2020-04-10,16550,3,37.0
2020-04-10,16400,1,17.0
2020-04-10,16700,2,26.0
2020-04-10,16350,2,24.0
2020-04-10,18350,1,10.0
2020-04-10,18500,2,16.0
2020-04-10,16950,1,18.0
2020-04-10,15990,1,62.0
2020-04-10,14500,2,30.0
2020-04-10,14700,1,17.0
2020-04-10,14650,1,17.0
2020-04-10,14900,1,16.0
2020-04-10,12930,1,32.0
2020-04-10,12850,2,19.0
2020-04-10,11570,1,33.0
2020-04-10,10500,1,41.0
2020-04-10,10130,1,3.0
2020-04-11,18500,1,15.0
2020-04-11,18050,1,39.0
2020-04-11,17420,1,23.0
2020-04-11,17200,1,55.0
2020-04-11,16550,1,37.0
2020-04-11,16350,1,20.0
2020-04-11,17150,1,36.0
2020-04-11,15350,1,13.0
2020-04-11,15050,1,8.0
2020-04-11,14900,1,17.0
2020-04-11,11500,1,11.0
2020-04-11,10750,2,58.0
2020-04-11,10500,1,39.0
2020-04-11,15990,1,52.0
2020-04-12,18050,1,40.0
2020-04-12,16350,2,21.0
2020-04-12,10500,1,33.0
2020-04-12,14650,3,14.0
2020-04-13,10500,1,31.0
2020-04-13,15990,1,40.0
2020-04-13,16550,1,37.0
2020-04-13,17200,2,45.0
2020-04-14,16350,9,24.0
2020-04-14,18250,1,1.0
2020-04-14,17100,1,8.0
2020-04-14,16380,1,3.0
2020-04-14,15950,1,10.0
2020-04-14,17200,1,43.0
2020-04-14,14000,1,6.0
2020-04-14,10250,1,4.0
2020-04-14,10750,1,35.0
2020-04-14,14900,2,16.0
2020-04-14,12850,1,17.0
2020-04-14,11520,1,7.0
2020-04-15,17200,1,32.0
2020-04-15,16700,2,8.0
2020-04-15,16550,1,30.0
2020-04-15,15990,2,25.0
2020-04-15,16350,9,31.0
2020-04-15,15270,1,1.0
2020-04-15,14900,1,17.0
2020-04-15,12930,1,22.0
2020-04-15,11570,1,14.0
2020-04-15,15900,1,9.0
2020-04-16,18250,1,2.0
2020-04-16,17200,1,27.0
2020-04-16,17150,1,16.0
2020-04-16,16350,9,38.0
2020-04-16,15990,1,24.0
2020-04-16,15270,1,2.0
2020-04-16,15050,1,3.0
2020-04-16,11520,1,7.0
2020-04-16,11500,1,6.0
2020-04-16,11450,2,9.0
2020-04-16,10500,1,25.0
2020-04-16,10050,1,2.0
2020-04-16,13800,1,3.0
2020-04-17,18450,1,2.0
2020-04-17,17420,1,5.0
2020-04-17,17310,1,1.0
2020-04-17,17200,1,23.0
2020-04-17,17150,1,15.0
2020-04-17,16380,1,2.0
2020-04-17,16150,1,2.0
2020-04-17,15300,1,1.0
2020-04-17,14650,1,9.0
2020-04-17,14100,1,6.0
2020-04-17,12930,1,16.0
2020-04-17,10130,1,3.0
2020-04-17,16350,2,37.0
2020-04-18,16550,1,18.0
2020-04-18,18050,2,16.0
2020-04-18,17150,1,14.0
2020-04-18,16350,8,43.0
2020-04-18,11520,1,7.0
2020-04-18,14000,1,6.0
2020-04-18,11570,1,8.0
2020-04-18,14900,1,17.0
2020-04-18,11650,1,7.0
2020-04-19,10750,1,14.0
2020-04-19,11570,1,8.0
2020-04-19,14000,1,6.0
2020-04-19,15990,2,14.0
2020-04-19,16350,2,45.0
2020-04-20,15950,1,4.0
2020-04-20,15990,1,14.0
2020-04-21,16350,1,46.0
2020-04-21,14170,1,1.0
2020-04-21,11800,2,3.0
2020-04-21,14000,2,7.0
2020-04-22,12850,1,6.0
2020-04-22,14870,1,1.0
2020-04-22,17200,1,9.0
2020-04-23,18250,1,3.0
2020-04-23,18350,1,2.0
2020-04-23,12930,1,4.0
2020-04-23,11570,2,6.0
2020-04-23,10900,2,2.0
2020-04-23,12850,1,5.0
2020-04-24,10900,1,3.0
2020-04-24,11520,1,4.0
2020-04-24,14000,2,7.0
2020-04-24,16350,9,52.0
2020-04-24,17200,1,9.0
2020-04-25,16350,1,52.0
2020-04-25,17100,1,2.0
2020-04-25,17420,1,2.0
2020-04-26,15240,1,1.0
2020-04-27,15990,1,7.0
2020-04-27,11520,2,6.0
2020-04-27,14000,1,8.0
2020-04-27,16350,1,51.0
2020-04-28,16610,1,1.0
2020-04-28,17420,1,3.0
2020-04-28,16350,1,43.0
2020-04-28,14170,1,2.0
2020-04-28,11570,3,8.0
2020-04-28,11520,1,6.0
2020-04-28,10750,2,3.0
2020-04-29,11570,1,8.0
2020-04-29,16350,1,35.0
2020-04-29,18500,1,1.0
2020-04-30,18450,1,2.0
2020-04-30,16550,1,2.0
2020-04-30,16350,5,31.0
2020-04-30,14650,2,3.0
2020-04-30,14000,1,8.0
2020-04-30,12380,1,1.0
2020-04-30,11650,1,2.0
2020-04-30,11450,1,1.0
2020-04-30,10750,1,4.0
2020-05-01,14500,1,1.0
2020-05-01,17100,1,2.0
2020-05-02,12380,1,2.0
2020-05-02,18400,1,1.0
2020-05-03,10900,1,4.0
2020-05-04,14170,1,3.0
2020-05-04,12850,1,3.0
2020-05-04,10750,1,4.0
2020-05-04,12380,1,3.0
2020-05-05,11520,2,6.0
2020-05-05,12850,1,4.0
2020-05-05,16550,1,2.0
2020-05-06,16260,1,1.0
2020-05-06,16350,1,19.0
2020-05-06,17100,1,3.0
2020-05-07,16350,1,20.0
2020-05-07,12850,1,3.0
2020-05-08,11450,1,2.0
2020-05-08,11650,1,2.0
2020-05-08,14170,1,3.0
2020-05-08,15240,1,2.0
2020-05-09,18400,1,2.0
2020-05-12,16350,1,9.0
2020-05-12,17150,2,2.0
2020-05-12,13310,2,2.0
2020-05-13,16260,1,2.0
2020-05-13,10750,1,3.0
2020-05-13,10900,1,2.0
2020-05-14,10750,2,4.0
2020-05-14,17420,1,1.0
2020-05-18,14500,1,1.0
2020-05-19,11570,1,1.0
2020-05-19,12380,1,1.0
2020-05-19,16150,1,1.0
2020-05-20,14500,1,2.0
2020-05-21,12380,2,3.0
2020-05-21,17100,1,1.0
2020-05-23,17100,1,2.0
2020-05-24,10750,1,4.0
2020-05-25,12850,1,1.0
2020-05-28,18450,1,1.0
2020-05-30,17420,2,2.0
2020-05-31,10750,3,4.0
2020-05-31,12380,1,4.0
2020-06-01,12380,2,6.0
2020-06-01,10750,2,6.0
2020-06-02,10750,1,7.0
2020-06-03,16260,1,1.0
2020-06-03,12850,1,2.0
2020-06-04,10750,3,10.0
2020-06-06,17200,1,1.0
2020-06-07,12850,2,4.0
2020-06-08,14650,1,1.0
2020-06-09,11500,2,2.0
2020-06-09,11570,1,1.0
2020-06-11,10750,1,10.0
2020-06-11,12380,1,4.0
2020-06-11,18500,1,1.0
2020-06-12,11570,1,2.0
2020-06-12,12850,1,4.0
2020-06-12,17150,1,1.0
2020-06-13,14900,1,1.0
2020-06-13,12380,3,7.0
2020-06-13,17150,1,2.0
2020-06-13,11570,1,3.0
2020-06-13,11650,2,2.0
2020-06-14,18050,1,1.0
2020-06-14,17200,2,3.0
2020-06-14,11450,1,1.0
2020-06-14,12850,1,5.0
2020-06-14,16900,1,1.0
2020-06-17,11450,2,3.0
2020-06-18,16550,1,1.0
2020-06-19,12380,1,5.0
2020-06-20,16150,1,1.0
2020-06-20,16900,5,6.0
2020-06-21,11570,1,4.0
2020-06-22,12380,1,6.0
2020-06-23,10750,2,3.0
2020-06-23,11570,1,4.0
2020-06-23,11800,1,1.0
2020-06-23,12380,1,7.0
2020-06-23,16350,1,1.0
2020-06-23,17200,1,3.0
2020-06-24,12380,2,9.0
2020-06-24,14700,1,1.0
2020-06-24,10750,1,4.0
2020-06-25,11450,1,4.0
2020-06-25,11800,1,2.0
2020-06-25,12380,1,9.0
2020-06-25,16350,1,2.0
2020-06-26,10750,2,5.0
2020-06-26,11570,1,4.0
2020-06-26,11650,1,3.0
2020-06-26,14500,1,1.0
2020-06-27,10750,1,6.0
2020-06-27,11570,1,4.0
2020-06-27,11650,1,2.0
2020-06-27,12380,1,7.0
2020-06-27,16260,1,1.0
2020-06-27,18450,1,1.0
2020-06-28,12380,1,8.0
2020-06-28,14900,1,1.0
2020-06-28,11450,1,4.0
2020-06-29,10750,2,8.0
2020-06-30,16350,1,3.0
2020-06-30,16260,2,3.0
2020-06-30,14000,1,1.0
2020-06-30,11570,1,5.0
2020-06-30,10750,3,11.0
2020-07-01,12380,2,10.0
2020-07-02,11650,1,3.0
2020-07-03,10750,2,13.0
2020-07-03,12380,2,11.0
2020-07-03,15990,1,1.0
2020-07-03,17100,1,1.0
2020-07-03,17150,1,1.0
2020-07-04,18250,1,1.0
2020-07-04,16490,1,1.0
2020-07-04,14900,1,2.0
2020-07-04,11570,3,8.0
2020-07-04,12850,1,1.0
2020-07-04,10750,1,14.0
2020-07-04,14170,1,1.0
2020-07-05,11570,1,8.0
2020-07-05,12380,1,12.0
2020-07-05,17420,1,1.0
2020-07-06,16260,1,4.0
2020-07-06,15900,1,1.0
2020-07-06,10050,3,3.0
2020-07-06,11570,2,10.0
2020-07-07,11500,1,1.0
2020-07-07,12380,1,11.0
2020-07-08,16950,1,1.0
2020-07-08,10750,1,12.0
2020-07-08,11500,1,2.0
2020-07-08,12380,1,10.0
2020-07-08,14900,1,3.0
2020-07-08,16350,1,3.0
2020-07-09,10900,2,2.0
2020-07-09,14500,1,2.0
2020-07-09,16350,2,4.0
2020-07-09,17100,2,3.0
2020-07-10,10900,2,4.0
2020-07-10,12380,1,10.0
2020-07-10,10500,1,1.0
2020-07-11,17080,1,1.0
2020-07-11,14900,1,4.0
2020-07-12,10500,1,2.0
2020-07-12,11570,1,8.0
2020-07-12,12850,1,2.0
2020-07-12,14900,6,9.0
2020-07-12,15990,1,2.0
2020-07-12,17200,1,1.0
2020-07-12,18400,1,1.0
2020-07-13,18400,3,4.0
2020-07-13,16900,1,1.0
2020-07-13,16260,1,4.0
2020-07-13,15990,1,3.0
2020-07-13,12850,1,3.0
2020-07-13,14650,1,1.0
2020-07-13,11500,2,4.0
2020-07-13,14900,5,14.0
2020-07-14,18350,1,1.0
2020-07-14,16700,2,2.0
2020-07-14,14900,3,17.0
2020-07-14,11500,1,5.0
2020-07-14,10750,1,5.0
2020-07-14,12930,1,1.0
2020-07-15,16950,1,2.0
2020-07-15,10750,1,6.0
2020-07-15,11500,1,6.0
2020-07-15,14850,1,1.0
2020-07-15,14900,2,19.0
2020-07-15,16260,1,3.0
2020-07-16,14300,1,1.0
2020-07-16,12930,1,2.0
2020-07-16,12850,1,4.0
2020-07-16,10500,1,3.0
2020-07-16,11500,1,7.0
2020-07-16,14650,1,2.0
2020-07-16,11570,2,9.0
2020-07-16,16350,1,4.0
2020-07-17,16900,1,2.0
2020-07-17,17200,1,2.0
2020-07-17,14900,2,21.0
2020-07-17,17150,1,1.0
2020-07-17,11570,1,10.0
2020-07-17,11450,1,1.0
2020-07-17,12930,1,3.0
2020-07-17,11500,1,8.0
2020-07-18,10750,1,4.0
2020-07-18,11570,3,10.0
2020-07-18,12380,4,8.0
2020-07-18,12850,3,6.0
2020-07-18,14900,1,21.0
2020-07-18,15900,1,2.0
2020-07-18,16350,1,5.0
2020-07-19,17420,2,2.0
2020-07-19,17150,3,4.0
2020-07-19,16350,1,6.0
2020-07-19,16260,1,4.0
2020-07-19,18500,1,1.0
2020-07-19,12850,3,9.0
2020-07-19,14900,1,22.0
2020-07-19,10500,1,4.0
2020-07-19,18400,1,5.0
2020-07-19,12750,3,3.0
2020-07-19,10750,1,5.0
2020-07-20,17420,2,4.0
2020-07-20,10750,2,7.0
2020-07-20,10900,1,5.0
2020-07-20,12380,2,9.0
2020-07-20,12850,3,12.0
2020-07-20,14900,2,24.0
2020-07-20,16260,1,4.0
2020-07-21,17420,1,5.0
2020-07-21,16400,1,1.0
2020-07-21,14900,2,26.0
2020-07-21,12930,1,4.0
2020-07-21,11570,1,8.0
2020-07-21,12380,2,10.0
2020-07-21,11500,1,8.0
2020-07-21,12850,5,17.0
2020-07-22,18450,2,2.0
2020-07-22,17200,2,4.0
2020-07-22,17150,1,5.0
2020-07-22,16700,1,3.0
2020-07-22,16400,3,4.0
2020-07-22,14650,1,3.0
2020-07-22,12850,2,19.0
2020-07-22,10750,1,7.0
2020-07-22,14900,3,28.0
2020-07-23,12380,2,11.0
2020-07-23,12850,2,21.0
2020-07-23,16260,2,6.0
2020-07-23,17420,1,6.0
2020-07-24,17200,1,5.0
2020-07-24,16260,1,7.0
2020-07-24,14900,1,29.0
2020-07-24,11570,4,12.0
2020-07-24,12380,4,14.0
2020-07-24,12850,5,26.0
2020-07-25,14900,3,31.0
2020-07-25,16260,3,10.0
2020-07-25,12850,1,27.0
2020-07-25,18450,1,3.0
2020-07-25,11500,2,9.0
2020-07-25,11350,2,2.0
2020-07-25,11570,4,16.0
2020-07-26,10750,1,8.0
2020-07-26,11570,1,16.0
2020-07-26,12380,1,15.0
2020-07-26,14170,1,1.0
2020-07-26,14900,1,26.0
2020-07-26,17200,1,5.0
2020-07-27,18050,1,1.0
2020-07-27,17200,1,6.0
2020-07-27,16550,1,1.0
2020-07-27,16400,1,5.0
2020-07-27,14900,1,22.0
2020-07-27,16260,4,13.0
2020-07-27,12850,1,26.0
2020-07-27,11570,3,19.0
2020-07-27,16350,1,4.0
2020-07-28,16550,1,2.0
2020-07-28,18050,1,2.0
2020-07-28,17420,1,7.0
2020-07-28,17200,2,8.0
2020-07-28,17000,1,1.0
2020-07-28,16400,1,6.0
2020-07-28,12930,1,4.0
2020-07-28,14170,1,2.0
2020-07-28,12850,3,29.0
2020-07-28,12380,6,21.0
2020-07-28,11650,1,1.0
2020-07-28,11500,1,7.0
2020-07-28,10750,2,9.0
2020-07-29,18050,1,3.0
2020-07-29,17200,1,9.0
2020-07-29,16400,1,7.0
2020-07-29,15990,1,1.0
2020-07-29,14900,2,19.0
2020-07-29,12850,3,32.0
2020-07-29,12380,4,25.0
2020-07-29,10750,1,9.0
2020-07-30,18250,1,1.0
2020-07-30,17200,2,11.0
2020-07-30,17150,1,6.0
2020-07-30,16260,4,16.0
2020-07-30,16150,1,1.0
2020-07-30,14900,2,21.0
2020-07-30,14170,2,4.0
2020-07-30,11570,3,20.0
2020-07-30,11520,1,1.0
2020-07-30,11500,1,6.0
2020-07-30,10750,2,11.0
2020-07-30,10500,1,2.0
2020-07-31,18450,1,4.0
2020-07-31,18050,2,5.0
2020-07-31,14900,1,20.0
2020-07-31,12850,6,37.0
2020-07-31,11570,1,20.0
2020-07-31,11520,1,2.0
2020-07-31,11500,1,6.0
2020-07-31,10750,1,12.0
2020-07-31,12380,1,26.0
2020-08-01,16260,2,18.0
2020-08-01,17750,1,1.0
2020-08-01,17150,1,6.0
2020-08-01,14900,4,23.0
2020-08-01,14170,2,6.0
2020-08-01,12850,1,35.0
2020-08-01,12380,1,23.0
2020-08-01,11520,1,3.0
2020-08-01,11500,1,7.0
2020-08-02,18050,1,6.0
2020-08-02,17750,3,4.0
2020-08-02,17200,1,11.0
2020-08-02,17420,1,6.0
2020-08-02,12380,1,24.0
2020-08-02,11500,2,9.0
2020-08-02,12850,1,33.0
2020-08-03,17200,3,14.0
2020-08-03,11500,2,11.0
2020-08-03,11570,1,18.0
2020-08-03,12850,3,33.0
2020-08-03,14900,4,24.0
2020-08-04,12850,4,32.0
2020-08-04,15990,1,2.0
2020-08-04,11500,2,12.0
2020-08-04,11520,1,4.0
2020-08-05,11570,1,18.0
2020-08-05,12380,2,22.0
2020-08-05,12850,3,33.0
2020-08-05,14900,1,20.0
2020-08-05,15900,1,1.0
2020-08-05,16260,2,18.0
2020-08-05,17200,3,15.0
2020-08-06,16260,1,17.0
2020-08-06,15900,2,3.0
2020-08-06,12850,2,33.0
2020-08-06,11520,1,5.0
2020-08-06,11500,1,13.0
2020-08-06,12380,4,24.0
2020-08-07,12850,5,33.0
2020-08-07,17200,1,15.0
2020-08-07,17420,1,3.0
2020-08-08,17150,1,3.0
2020-08-08,17420,1,4.0
2020-08-08,16200,1,1.0
2020-08-08,12850,4,36.0
2020-08-08,14000,3,3.0
2020-08-08,11500,3,14.0
2020-08-08,10750,1,8.0
2020-08-09,10750,1,8.0
2020-08-09,11500,2,16.0
2020-08-09,12380,1,20.0
2020-08-09,16260,1,14.0
2020-08-09,17420,7,11.0
2020-08-10,17420,3,14.0
2020-08-10,16260,2,12.0
2020-08-10,14500,1,1.0
2020-08-10,14100,1,1.0
2020-08-10,14000,2,5.0
2020-08-10,16700,1,1.0
2020-08-10,12750,3,3.0
2020-08-10,11650,1,2.0
2020-08-10,11570,1,7.0
2020-08-10,11500,1,17.0
2020-08-10,10750,1,9.0
2020-08-10,12850,3,38.0
2020-08-11,18400,1,1.0
2020-08-11,17420,1,14.0
2020-08-11,14900,3,17.0
2020-08-11,16350,1,1.0
2020-08-11,12380,2,16.0
2020-08-11,11570,1,8.0
2020-08-11,11500,2,18.0
2020-08-11,12850,4,39.0
2020-08-12,11570,2,10.0
2020-08-12,12850,2,38.0
2020-08-12,14700,1,1.0
2020-08-12,17420,1,15.0
2020-08-13,11500,1,18.0
2020-08-13,11570,3,10.0
2020-08-13,12850,4,42.0
2020-08-13,14000,1,6.0
2020-08-13,18500,3,3.0
2020-08-14,17420,1,16.0
2020-08-14,12850,3,39.0
2020-08-14,12380,3,14.0
2020-08-15,11570,2,11.0
2020-08-15,12380,1,14.0
2020-08-15,12850,1,39.0
2020-08-15,17420,2,18.0
2020-08-16,11500,1,15.0
2020-08-16,12380,2,15.0
2020-08-16,14900,1,9.0
2020-08-16,18400,1,2.0
2020-08-17,11500,1,14.0
2020-08-17,15990,1,2.0
2020-08-18,17150,1,2.0
2020-08-18,15990,1,2.0
2020-08-18,17420,2,19.0
2020-08-18,10750,1,4.0
2020-08-18,12850,3,34.0
2020-08-19,14900,1,5.0
2020-08-20,17420,1,20.0
2020-08-20,14000,1,7.0
2020-08-20,11500,1,12.0
2020-08-20,12850,2,31.0
2020-08-21,10750,1,5.0
2020-08-21,11500,1,13.0
2020-08-21,11520,1,1.0
2020-08-21,11570,1,10.0
2020-08-21,12850,1,27.0
2020-08-21,14900,1,6.0
2020-08-21,17420,1,20.0
2020-08-22,16950,1,1.0
2020-08-22,17100,1,1.0
2020-08-23,10750,1,4.0
2020-08-23,14900,1,7.0
2020-08-24,17420,1,10.0
2020-08-24,12850,1,21.0
2020-08-25,15990,1,3.0
2020-08-25,16550,1,1.0
2020-08-25,10750,2,5.0
2020-08-25,14170,1,1.0
2020-08-25,18050,1,1.0
2020-08-26,16550,1,2.0
2020-08-26,17200,1,1.0
2020-08-26,14500,2,2.0
2020-08-26,14100,1,1.0
2020-08-26,12850,2,17.0
2020-08-26,11650,1,1.0
2020-08-26,11500,1,6.0
2020-08-26,10750,3,8.0
2020-08-27,17150,2,3.0
2020-08-27,16550,1,3.0
2020-08-27,15950,1,1.0
2020-08-27,14700,1,1.0
2020-08-27,14500,1,3.0
2020-08-27,12850,3,16.0
2020-08-27,11500,1,6.0
2020-08-27,11300,1,1.0
2020-08-27,10750,2,10.0
2020-08-27,10500,1,1.0
2020-08-27,14170,1,2.0
2020-08-28,18050,1,2.0
2020-08-28,18500,2,2.0
2020-08-28,17200,1,2.0
2020-08-28,16550,1,4.0
2020-08-28,16260,1,1.0
2020-08-28,14500,2,5.0
2020-08-28,11570,1,4.0
2020-08-29,10750,1,11.0
2020-08-29,14170,1,3.0
2020-08-29,14500,1,6.0
2020-08-29,17200,1,3.0
2020-08-29,18050,3,5.0
2020-08-30,17150,1,4.0
2020-08-30,14900,1,4.0
2020-08-30,14500,1,7.0
2020-08-30,14000,1,2.0
2020-08-30,11570,1,3.0
2020-08-30,12380,1,1.0
2020-08-30,10750,1,12.0
2020-08-30,12850,1,13.0
2020-08-31,15950,1,2.0
2020-08-31,17200,1,4.0
2020-08-31,15240,1,1.0
2020-08-31,15990,1,3.0
2020-08-31,12380,6,7.0
2020-08-31,11650,1,2.0
2020-08-31,14000,1,3.0
2020-09-01,11520,1,2.0
2020-09-01,18050,2,7.0
2020-09-01,16550,1,5.0
2020-09-01,15350,1,1.0
2020-09-01,18500,1,3.0
2020-09-01,14170,1,4.0
2020-09-01,12380,3,10.0
2020-09-01,11570,1,4.0
2020-09-01,14500,2,9.0
2020-09-01,17200,2,6.0
2020-09-02,10500,1,2.0
2020-09-02,11570,2,6.0
2020-09-02,12380,2,12.0
2020-09-02,16550,1,6.0
2020-09-02,17100,1,2.0
2020-09-02,17350,1,1.0
2020-09-02,18050,1,8.0
2020-09-03,18250,1,1.0
2020-09-03,18500,1,4.0
2020-09-03,14900,1,4.0
2020-09-03,11570,2,8.0
2020-09-03,16550,1,7.0
2020-09-04,11570,2,9.0
2020-09-04,14500,2,11.0
2020-09-04,17150,1,4.0
2020-09-04,18050,1,9.0
2020-09-04,18450,1,1.0
2020-09-05,18050,2,11.0
2020-09-05,16900,1,1.0
2020-09-05,14170,1,5.0
2020-09-05,10750,1,11.0
2020-09-05,11570,3,12.0
2020-09-06,11300,1,2.0
2020-09-06,14100,1,2.0
2020-09-06,17420,1,2.0
2020-09-06,18400,1,1.0
2020-09-07,16550,1,8.0
2020-09-07,17750,1,1.0
2020-09-07,17150,1,5.0
2020-09-07,16350,1,1.0
2020-09-07,12380,1,13.0
2020-09-07,11570,1,13.0
2020-09-07,11300,2,4.0
2020-09-07,10750,1,11.0
2020-09-08,10750,1,10.0
2020-09-08,14000,1,3.0
2020-09-08,14500,1,12.0
2020-09-08,15950,1,3.0
2020-09-08,18050,1,11.0
2020-09-09,18450,1,2.0
2020-09-09,18050,2,13.0
2020-09-09,17200,1,6.0
2020-09-09,10750,2,9.0
2020-09-09,12380,1,14.0
2020-09-09,10900,2,2.0
2020-09-09,16260,1,2.0
2020-09-10,18050,1,14.0
2020-09-10,17620,1,1.0
2020-09-10,18450,1,3.0
2020-09-10,14100,1,2.0
2020-09-10,11300,1,4.0
2020-09-10,16550,1,6.0
2020-09-11,10750,1,8.0
2020-09-11,10900,1,3.0
2020-09-11,11500,1,1.0
2020-09-11,12380,1,15.0
2020-09-11,16260,1,2.0
2020-09-11,16350,1,2.0
2020-09-11,18050,2,15.0
2020-09-12,11520,2,3.0
2020-09-12,11500,1,2.0
2020-09-13,11570,1,12.0
2020-09-13,12380,1,15.0
2020-09-13,12930,1,1.0
2020-09-13,16550,1,6.0
2020-09-14,10750,1,7.0
2020-09-14,10900,1,4.0
2020-09-14,11500,1,3.0
2020-09-15,10900,2,6.0
2020-09-15,14100,1,3.0
2020-09-16,17200,1,2.0
2020-09-16,12850,1,1.0
2020-09-16,11570,1,10.0
2020-09-16,12750,1,1.0
2020-09-17,11500,1,4.0
2020-09-17,16260,1,3.0
2020-09-18,12930,1,2.0
2020-09-18,17150,1,2.0
2020-09-19,14900,1,1.0
2020-09-20,12930,1,3.0
2020-09-22,10750,1,5.0
2020-09-22,16550,1,3.0
2020-09-22,10500,3,3.0
2020-09-23,11500,1,5.0
2020-09-23,17200,1,2.0
2020-09-24,10750,1,4.0
2020-09-25,17150,1,2.0
2020-09-28,10750,1,3.0
2020-09-28,12850,1,2.0
2020-09-28,18250,1,1.0
2020-09-29,12380,2,2.0
2020-09-30,14900,1,2.0
2020-09-30,10750,2,5.0
2020-10-01,11570,1,1.0
2020-10-01,12380,1,3.0
2020-10-03,14100,1,1.0
2020-10-04,12380,1,4.0
2020-10-04,16550,1,2.0
2020-10-05,16550,3,5.0
2020-10-06,11500,1,2.0
2020-10-07,11450,4,4.0
2020-10-07,11500,1,2.0
2020-10-07,12380,3,7.0
2020-10-07,16260,4,4.0
2020-10-07,16550,1,5.0
2020-10-07,18400,2,2.0
2020-10-08,13310,1,1.0
2020-10-08,18050,1,1.0
2020-10-08,10750,2,5.0
2020-10-08,14900,1,2.0
2020-10-09,16700,2,2.0
2020-10-09,15900,1,1.0
2020-10-09,11450,1,5.0
2020-10-10,11570,1,2.0
2020-10-10,14650,1,1.0
2020-10-10,14900,2,4.0
2020-10-10,16550,1,6.0
2020-10-10,17420,1,1.0
2020-10-11,11570,1,3.0
2020-10-11,12930,1,1.0
2020-10-11,16260,1,5.0
2020-10-12,11450,6,11.0
2020-10-12,12380,2,9.0
2020-10-12,14500,1,1.0
2020-10-12,16260,1,6.0
2020-10-13,18400,1,3.0
2020-10-13,14500,1,2.0
2020-10-13,12380,3,10.0
2020-10-13,16260,1,7.0
2020-10-13,11500,3,5.0
2020-10-13,11570,2,5.0
2020-10-13,10750,1,5.0
2020-10-14,14900,1,4.0
2020-10-14,12380,1,11.0
2020-10-14,11570,1,6.0
2020-10-14,18400,1,4.0
2020-10-14,10750,2,5.0
2020-10-14,10500,1,1.0
2020-10-14,11500,1,6.0
2020-10-15,10750,1,6.0
2020-10-15,16550,1,7.0
2020-10-16,11450,5,16.0
2020-10-16,17420,1,2.0
2020-10-17,11450,1,17.0
2020-10-17,11650,1,1.0
2020-10-17,12380,1,11.0
2020-10-17,16550,1,8.0
2020-10-18,17150,1,1.0
2020-10-18,16350,1,1.0
2020-10-18,17420,1,3.0
2020-10-18,11570,1,6.0
2020-10-18,14900,1,5.0
2020-10-19,11450,3,20.0
2020-10-19,11500,1,7.0
2020-10-19,13310,1,2.0
2020-10-19,14170,1,1.0
2020-10-19,16350,1,2.0
2020-10-19,16900,1,1.0
2020-10-19,17150,1,2.0
2020-10-20,14170,1,2.0
2020-10-20,11450,1,21.0
2020-10-20,10500,1,2.0
2020-10-21,11450,1,18.0
2020-10-21,14900,1,6.0
2020-10-21,16260,1,4.0
2020-10-21,18050,1,2.0
2020-10-22,17550,1,1.0
2020-10-22,16260,1,5.0
2020-10-23,17420,1,4.0
2020-10-23,16260,1,6.0
2020-10-23,11300,1,1.0
2020-10-23,12380,1,8.0
2020-10-24,11500,1,6.0
2020-10-24,14900,3,6.0
2020-10-25,14170,1,3.0
2020-10-25,15990,1,1.0
2020-10-26,18450,3,3.0
2020-10-26,17420,1,4.0
2020-10-26,17200,2,2.0
2020-10-26,16260,1,5.0
2020-10-26,12850,1,1.0
2020-10-26,11450,2,13.0
2020-10-26,10750,1,5.0
2020-10-26,14170,2,5.0
2020-10-27,11500,1,4.0
2020-10-27,16550,1,3.0
2020-10-28,14900,4,9.0
2020-10-29,12380,5,7.0
2020-10-29,16350,1,3.0
2020-10-29,17150,1,3.0
2020-10-30,12850,1,2.0
2020-10-30,10500,1,2.0
2020-10-31,12750,1,1.0
2020-10-31,16350,1,4.0
2020-10-31,18050,2,3.0
2020-11-01,10500,1,3.0
2020-11-01,11350,1,1.0
2020-11-01,14900,1,9.0
2020-11-01,18050,1,4.0
2020-11-02,18710,1,1.0
2020-11-02,15990,1,2.0
2020-11-02,14200,1,1.0
2020-11-02,12850,1,3.0
2020-11-03,11500,1,3.0
2020-11-03,12380,1,7.0
2020-11-03,12850,2,5.0
2020-11-03,15990,1,3.0
2020-11-03,18710,1,2.0
2020-11-04,14000,1,1.0
2020-11-05,18350,4,4.0
2020-11-05,11570,1,1.0
2020-11-05,14900,3,11.0
2020-11-06,14000,1,2.0
2020-11-06,17100,1,1.0
2020-11-06,18350,1,5.0
2020-11-06,18450,1,4.0
2020-11-07,11570,1,2.0
2020-11-07,17200,1,3.0
2020-11-08,12380,1,7.0
2020-11-08,15050,1,1.0
2020-11-08,15900,1,1.0
2020-11-08,16400,1,1.0
2020-11-09,13310,1,1.0
2020-11-09,16260,1,1.0
2020-11-09,17200,1,2.0
2020-11-11,11570,1,3.0
2020-11-13,17100,1,2.0
2020-11-13,18050,1,4.0
2020-11-13,15050,1,2.0
2020-11-13,16260,1,2.0
2020-11-14,11350,1,2.0
2020-11-14,12380,1,3.0
2020-11-14,14000,1,3.0
2020-11-14,17150,1,1.0
2020-11-14,17200,1,3.0
2020-11-15,12380,1,4.0
2020-11-16,17620,1,1.0
2020-11-16,14170,1,1.0
2020-11-17,18450,1,2.0
2020-11-18,11570,1,4.0
2020-11-18,17200,1,4.0
2020-11-18,18450,1,3.0
2020-11-19,11570,1,4.0
2020-11-20,15950,1,1.0
2020-11-20,17150,1,2.0
2020-11-21,17150,2,4.0
2020-11-21,17200,1,4.0
2020-11-21,14900,1,1.0
2020-11-22,10500,1,1.0
2020-11-22,17100,1,2.0
2020-11-22,18450,1,3.0
2020-11-23,15990,1,1.0
2020-11-24,14000,1,2.0
2020-11-24,14900,1,2.0
2020-11-26,17200,1,4.0
2020-11-27,12380,1,3.0
2020-11-27,12150,1,1.0
2020-11-27,15990,2,3.0
2020-11-27,17200,1,5.0
2020-11-27,18050,1,1.0
2020-11-28,16550,1,1.0
2020-11-28,18500,1,1.0
2020-11-29,15990,1,4.0
2020-11-29,16260,1,1.0
2020-11-29,12380,1,2.0
2020-11-29,14870,1,1.0
2020-11-29,17040,1,1.0
2020-11-30,15350,1,1.0
2020-11-30,16550,1,2.0
2020-11-30,14650,1,1.0
2020-11-30,17040,1,2.0
2020-11-30,10750,1,1.0
2020-11-30,10250,1,1.0
2020-11-30,11570,1,3.0
2020-12-01,18050,2,3.0
2020-12-01,14870,1,2.0
2020-12-01,12930,1,1.0
2020-12-01,11570,1,4.0
2020-12-02,11500,1,1.0
2020-12-02,12380,1,3.0
2020-12-02,15950,1,2.0
2020-12-02,16260,1,2.0
2020-12-02,16550,1,3.0
2020-12-02,16700,1,1.0
2020-12-03,15990,2,6.0
2020-12-03,14000,1,2.0
2020-12-04,17750,2,2.0
2020-12-05,17150,2,2.0
2020-12-05,17420,1,1.0
2020-12-06,16260,2,4.0
2020-12-06,18050,2,5.0
2020-12-07,12930,1,2.0
2020-12-07,16260,1,5.0
2020-12-08,16550,1,4.0
2020-12-09,17150,2,4.0
2020-12-09,10750,2,3.0
2020-12-09,11520,1,1.0
2020-12-10,16400,1,1.0
2020-12-10,17420,1,2.0
2020-12-10,18050,2,7.0
2020-12-11,14500,1,1.0
2020-12-11,18050,1,7.0
2020-12-12,18050,1,8.0
2020-12-12,10750,1,4.0
2020-12-12,13800,1,1.0
2020-12-13,11650,1,1.0
2020-12-13,12850,1,1.0
2020-12-13,15990,1,3.0
2020-12-13,16950,1,1.0
2020-12-14,11570,1,2.0
2020-12-14,15950,3,4.0
2020-12-15,17200,2,2.0
2020-12-16,15990,3,6.0
2020-12-16,16550,2,3.0
2020-12-16,11570,1,2.0
2020-12-16,12930,2,3.0
2020-12-17,15990,21,25.0
2020-12-17,17150,1,5.0
2020-12-17,17420,1,3.0
2020-12-17,18500,1,1.0
2020-12-18,11570,4,6.0
2020-12-18,11650,2,3.0
2020-12-18,12380,1,1.0
2020-12-18,15950,2,5.0
2020-12-18,15990,14,39.0
2020-12-18,16700,1,1.0
2020-12-19,17200,1,3.0
2020-12-19,15990,22,61.0
2020-12-19,15950,1,6.0
2020-12-19,14000,2,2.0
2020-12-19,14500,1,2.0
2020-12-19,14100,1,1.0
2020-12-19,14700,1,1.0
2020-12-20,15990,10,71.0
2020-12-20,18050,1,5.0
2020-12-20,18500,1,2.0
2020-12-20,17200,1,4.0
2020-12-20,16950,1,2.0
2020-12-20,14650,1,1.0
2020-12-20,11500,1,1.0
2020-12-20,14000,1,3.0
2020-12-20,13800,1,2.0
2020-12-20,12930,1,4.0
2020-12-20,12380,1,2.0
2020-12-20,10750,1,4.0
2020-12-20,14500,2,4.0
2020-12-21,10750,2,6.0
2020-12-21,11450,1,1.0
2020-12-21,11520,1,2.0
2020-12-21,11570,1,7.0
2020-12-21,15990,4,75.0
2020-12-21,18500,1,3.0
2020-12-22,17200,1,5.0
2020-12-22,17420,1,3.0
2020-12-22,16550,1,3.0
2020-12-22,17040,1,1.0
2020-12-22,15990,3,78.0
2020-12-22,16490,1,1.0
2020-12-22,12850,1,2.0
2020-12-22,10750,4,10.0
2020-12-23,10750,1,9.0
2020-12-23,12380,1,3.0
2020-12-23,14170,2,2.0
2020-12-23,14700,1,2.0
2020-12-23,15350,1,1.0
2020-12-23,15990,7,85.0
2020-12-23,16260,1,1.0
2020-12-23,18500,1,4.0
2020-12-24,18500,1,5.0
2020-12-24,17420,1,3.0
2020-12-24,17200,2,7.0
2020-12-24,18050,1,4.0
2020-12-24,14170,1,3.0
2020-12-24,11570,1,8.0
2020-12-24,11450,1,2.0
2020-12-24,15990,2,87.0
2020-12-25,11300,1,1.0
2020-12-25,15950,1,7.0
2020-12-25,15990,4,91.0
2020-12-25,16490,1,2.0
2020-12-25,17150,1,2.0
2020-12-25,17200,1,8.0
2020-12-26,18500,2,7.0
2020-12-26,17550,1,1.0
2020-12-26,17420,1,4.0
2020-12-26,10750,1,9.0
2020-12-26,15990,4,95.0
2020-12-26,14900,2,2.0
2020-12-26,16490,1,3.0
2020-12-27,10750,1,10.0
2020-12-27,15990,5,99.0
2020-12-27,16150,1,1.0
2020-12-28,17150,1,3.0
2020-12-28,15990,1,100.0
2020-12-28,17200,2,10.0
2020-12-28,11650,1,3.0
2020-12-28,11300,1,2.0
2020-12-28,14900,1,3.0
2020-12-29,18450,2,2.0
2020-12-29,18050,3,5.0
2020-12-29,17420,1,5.0
2020-12-29,17200,1,9.0
2020-12-29,17100,1,1.0
2020-12-29,16700,1,2.0
2020-12-29,15990,5,105.0
2020-12-29,14900,1,4.0
2020-12-29,14100,1,2.0
2020-12-29,12380,1,4.0
2020-12-29,11650,1,4.0
2020-12-29,11570,5,12.0
2020-12-29,11300,3,5.0
2020-12-29,10500,1,1.0
2020-12-30,18500,1,8.0
2020-12-30,17200,1,10.0
2020-12-30,16700,1,3.0
2020-12-30,18250,1,1.0
2020-12-30,12380,1,5.0
2020-12-30,10250,1,1.0
2020-12-30,15990,1,103.0
2020-12-31,11570,1,12.0
2020-12-31,12380,7,12.0
2020-12-31,15950,1,5.0
2020-12-31,17200,1,11.0
2021-01-01,18500,4,11.0
2021-01-01,18250,1,2.0
2021-01-01,14000,1,4.0
2021-01-01,12380,1,12.0
2021-01-01,11500,4,5.0
2021-01-01,10750,1,11.0
2021-01-01,10500,1,2.0
2021-01-01,11570,1,9.0
2021-01-02,10750,1,12.0
2021-01-02,12380,1,13.0
2021-01-02,12930,1,2.0
2021-01-02,14500,1,3.0
2021-01-02,15990,1,47.0
2021-01-02,18450,1,3.0
2021-01-03,14500,1,2.0
2021-01-03,16260,1,2.0
2021-01-03,12380,2,14.0
2021-01-03,11570,1,10.0
2021-01-03,10750,1,12.0
2021-01-03,10250,2,3.0
2021-01-04,10750,1,11.0
2021-01-04,11570,1,10.0
2021-01-04,11650,1,3.0
2021-01-04,12380,1,15.0
2021-01-05,12380,2,17.0
2021-01-05,16700,1,3.0
2021-01-06,18500,4,12.0
2021-01-06,17040,1,1.0
2021-01-06,12380,2,18.0
2021-01-06,14650,1,1.0
2021-01-07,11570,1,10.0
2021-01-07,14170,1,1.0
2021-01-07,15990,1,22.0
2021-01-07,16950,1,1.0
2021-01-08,15990,1,19.0
2021-01-08,15900,1,1.0
2021-01-08,12380,2,20.0
2021-01-08,11500,1,5.0
2021-01-08,10900,1,1.0
2021-01-08,11570,3,13.0
2021-01-09,11570,3,16.0
2021-01-09,12380,1,21.0
2021-01-10,15350,2,2.0
2021-01-10,10130,1,1.0
2021-01-10,10750,1,5.0
2021-01-10,11570,1,17.0
2021-01-10,12380,1,22.0
2021-01-10,15990,1,11.0
2021-01-10,16490,1,1.0
2021-01-11,16400,1,1.0
2021-01-11,15990,1,11.0
2021-01-11,15350,1,3.0
2021-01-11,17040,1,2.0
2021-01-11,11570,3,20.0
2021-01-11,10750,1,6.0
2021-01-11,12380,1,23.0
2021-01-12,17200,1,3.0
2021-01-12,12380,1,23.0
2021-01-12,11500,1,6.0
2021-01-14,11570,1,15.0
2021-01-15,17550,1,1.0
2021-01-15,17150,1,1.0
2021-01-15,14700,1,1.0
2021-01-15,18500,1,5.0
2021-01-15,11570,1,15.0
2021-01-15,10750,1,6.0
2021-01-15,12380,2,16.0
2021-01-16,11570,1,16.0
2021-01-16,12380,5,20.0
2021-01-16,14900,2,2.0
2021-01-16,15350,2,5.0
2021-01-16,15990,2,6.0
2021-01-18,11650,1,1.0
2021-01-19,15900,1,2.0
2021-01-19,14000,1,1.0
2021-01-20,11520,1,1.0
2021-01-20,14900,1,3.0
2021-01-20,10500,1,1.0
2021-01-23,14000,1,2.0
2021-01-25,11570,1,4.0
2021-01-25,15990,1,3.0
2021-01-25,18500,1,2.0
2021-01-27,16550,1,1.0
2021-01-27,16700,1,1.0
2021-01-27,18250,1,1.0
2021-01-29,10500,1,2.0
2021-01-29,10750,1,1.0
2021-01-30,11570,1,2.0
2021-01-31,11650,1,2.0
2021-01-31,14170,1,1.0
2021-01-31,17420,1,1.0
2021-02-03,16260,1,1.0
2021-02-05,12850,1,1.0
2021-02-05,16260,1,2.0
2021-02-07,14700,1,1.0
2021-02-07,17200,1,1.0
2021-02-07,11570,1,3.0
2021-02-07,18450,1,1.0
2021-02-08,14900,1,1.0
2021-02-08,14170,2,3.0
2021-02-09,12380,1,1.0
2021-02-10,10500,1,2.0
2021-02-15,11500,1,1.0
2021-02-16,17200,1,2.0
2021-02-18,18450,1,2.0
2021-02-20,10550,1,1.0
2021-02-20,17420,1,1.0
2021-02-21,12380,1,2.0
2021-02-22,11570,1,1.0
2021-02-22,16550,1,1.0
2021-02-22,17420,1,2.0
2021-02-23,12930,1,1.0
2021-02-23,17420,2,4.0
2021-02-24,10750,1,1.0
2021-02-24,12930,1,2.0
2021-02-24,16260,1,1.0
2021-02-25,14000,1,1.0
2021-02-25,15350,1,1.0
2021-02-25,11570,2,3.0
2021-02-26,11570,2,5.0
2021-02-26,17420,1,5.0
2021-02-27,10750,1,2.0
2021-02-27,17750,1,1.0
2021-02-28,12380,2,3.0
2021-02-28,15240,1,1.0
2021-03-01,16260,1,2.0
2021-03-02,14500,2,2.0
2021-03-02,11570,2,7.0
2021-03-03,11450,1,1.0
2021-03-04,10750,4,6.0
2021-03-04,11570,4,11.0
2021-03-04,12380,1,4.0
2021-03-05,11570,2,13.0
2021-03-06,11570,1,14.0
2021-03-08,11350,1,1.0
2021-03-08,16700,1,1.0
2021-03-08,10750,1,7.0
2021-03-09,16260,2,4.0
2021-03-09,10750,1,8.0
2021-03-09,14170,1,1.0
2021-03-10,11650,1,1.0
2021-03-10,14000,1,2.0
2021-03-10,17200,1,1.0
2021-03-11,11570,3,14.0
2021-03-11,12380,1,4.0
2021-03-13,11570,1,13.0
2021-03-13,12930,1,1.0
2021-03-14,14900,1,1.0
2021-03-16,15950,3,3.0
2021-03-17,10500,2,2.0
2021-03-17,12380,1,3.0
2021-03-17,16550,1,1.0
2021-03-17,16700,1,2.0
2021-03-19,12850,2,2.0
2021-03-20,10500,1,3.0
2021-03-21,16700,1,3.0
2021-03-21,16260,1,3.0
2021-03-21,15900,1,1.0
2021-03-23,10250,1,1.0
2021-03-23,11450,1,1.0
2021-03-23,11570,1,5.0
2021-03-23,17420,1,1.0
2021-03-24,12380,1,3.0
2021-03-25,11570,2,4.0
2021-03-26,18350,1,1.0
2021-03-28,16260,1,2.0
2021-03-28,12380,1,3.0
2021-03-29,16350,1,1.0
2021-03-30,10250,1,2.0
2021-03-30,10750,3,3.0
2021-03-30,11500,1,1.0
2021-03-31,11500,1,2.0
2021-03-31,18050,1,1.0
2021-04-02,11570,1,4.0
2021-04-02,11800,1,1.0
2021-04-03,18250,1,1.0
2021-04-04,16700,1,1.0
2021-04-04,12380,1,3.0
2021-04-04,11570,1,5.0
2021-04-05,14900,2,2.0
2021-04-05,14650,1,1.0
2021-04-05,12380,1,4.0
2021-04-05,10750,1,4.0
2021-04-08,14900,1,3.0
2021-04-09,12380,1,4.0
2021-04-09,18350,1,1.0
2021-04-10,10750,1,5.0
2021-04-10,11500,1,3.0
2021-04-10,16550,1,1.0
2021-04-10,17200,1,1.0
2021-04-10,18050,1,2.0
2021-04-11,11500,1,4.0
2021-04-11,10750,1,6.0
2021-04-12,10750,1,7.0
2021-04-12,11300,1,1.0
2021-04-12,15900,1,1.0
2021-04-13,16260,1,1.0
2021-04-13,16350,1,1.0
2021-04-14,11500,1,3.0
2021-04-14,15900,1,2.0
2021-04-15,12380,1,4.0
2021-04-16,16700,1,2.0
2021-04-16,17100,1,1.0
2021-04-16,16350,1,2.0
2021-04-16,14900,1,4.0
2021-04-16,15900,1,3.0
2021-04-16,15950,1,1.0
2021-04-17,10750,1,5.0
2021-04-17,12380,2,6.0
2021-04-17,17200,1,2.0
2021-04-18,16260,1,2.0
2021-04-18,15990,1,1.0
2021-04-18,14700,1,1.0
2021-04-18,14500,1,1.0
2021-04-18,11570,1,1.0
2021-04-18,10750,1,6.0
2021-04-18,12380,1,6.0
2021-04-19,16350,1,3.0
2021-04-19,10750,1,6.0
2021-04-19,11520,1,1.0
2021-04-19,12380,1,6.0
2021-04-20,17420,2,2.0
2021-04-20,16700,1,2.0
2021-04-21,11570,1,2.0
2021-04-21,16700,1,3.0
2021-04-21,17200,2,4.0
2021-04-21,18250,1,1.0
2021-04-22,16260,2,4.0
2021-04-24,11450,1,1.0
2021-04-24,12380,1,6.0
2021-04-24,12930,1,1.0
2021-04-24,17550,1,1.0
2021-04-25,17100,1,2.0
2021-04-25,14500,1,2.0
2021-04-25,16260,1,5.0
2021-04-26,11570,1,3.0
2021-04-26,12380,1,7.0
2021-04-26,18250,1,2.0
2021-04-27,12390,2,2.0
2021-04-28,16400,1,1.0
2021-04-28,17100,1,3.0
2021-04-28,16260,1,5.0
2021-04-28,14500,1,3.0
2021-04-28,12380,3,10.0
2021-04-28,10750,2,5.0
2021-04-29,16260,1,6.0
2021-04-30,18450,2,2.0
2021-05-01,14900,1,1.0
2021-05-01,16400,1,2.0
2021-05-02,16400,1,3.0
2021-05-02,16260,2,7.0
2021-05-02,10500,1,1.0
2021-05-02,12380,1,7.0
2021-05-03,10750,2,4.0
2021-05-03,11500,1,1.0
2021-05-03,11570,1,3.0
2021-05-03,12850,1,1.0
2021-05-03,14900,1,2.0
2021-05-03,17420,1,3.0
2021-05-04,12390,1,3.0
2021-05-04,12380,2,8.0
2021-05-04,10750,1,5.0
2021-05-05,11570,1,3.0
2021-05-05,12380,3,11.0
2021-05-05,16260,2,9.0
2021-05-05,18500,2,2.0
2021-05-06,15950,1,1.0
2021-05-06,16260,1,8.0
2021-05-07,16700,1,1.0
2021-05-07,16260,1,9.0
2021-05-07,11570,1,4.0
2021-05-07,14870,1,1.0
2021-05-08,10500,1,2.0
2021-05-08,15950,1,2.0
2021-05-08,17420,2,3.0
2021-05-09,17100,1,2.0
2021-05-09,11570,2,6.0
2021-05-09,15050,1,1.0
2021-05-09,18450,1,3.0
2021-05-10,16350,1,1.0
2021-05-10,11500,1,2.0
2021-05-11,17150,1,1.0
2021-05-12,12380,2,8.0
2021-05-12,14500,3,3.0
2021-05-13,11570,2,7.0
2021-05-14,17200,1,1.0
2021-05-15,11570,2,9.0
2021-05-16,17420,1,4.0
2021-05-16,12380,1,8.0
2021-05-17,14900,1,1.0
2021-05-17,10750,1,2.0
2021-05-17,12380,1,9.0
2021-05-18,10750,1,2.0
2021-05-19,12380,1,5.0
2021-05-21,17750,1,1.0
2021-05-21,11570,1,7.0
2021-05-21,12380,1,6.0
2021-05-23,18450,1,1.0
2021-05-25,17200,1,2.0
2021-05-27,14900,1,2.0
2021-05-27,12380,2,6.0
2021-05-28,17420,1,2.0
2021-05-29,17420,1,3.0
2021-06-02,14500,2,2.0
2021-06-04,16700,1,1.0
2021-06-04,17420,1,3.0
2021-06-05,14500,1,3.0
2021-06-06,10750,1,1.0
2021-06-06,11570,1,1.0
2021-06-06,12850,1,1.0
2021-06-06,17420,1,4.0
2021-06-07,11570,1,2.0
2021-06-07,12380,2,4.0
2021-06-07,14900,1,2.0
2021-06-07,16260,1,1.0
2021-06-07,17420,1,5.0
2021-06-08,11570,1,3.0
2021-06-09,16700,1,2.0
2021-06-09,11570,1,4.0
2021-06-10,12380,1,3.0
2021-06-13,11570,1,5.0
2021-06-13,16700,1,3.0
2021-06-14,16490,2,2.0
2021-06-14,17420,1,4.0
2021-06-15,10500,1,1.0
2021-06-16,18050,2,2.0
2021-06-16,17200,1,1.0
2021-06-17,18050,1,3.0
2021-06-18,12380,3,6.0
2021-06-18,18450,1,1.0
2021-06-18,18500,1,1.0
2021-06-19,11520,1,1.0
2021-06-19,12380,1,7.0
2021-06-19,16550,1,1.0
2021-06-19,18450,1,2.0
2021-06-20,10500,1,2.0
2021-06-20,17150,1,1.0
2021-06-21,18500,1,2.0
2021-06-21,16700,1,3.0
2021-06-21,18450,1,3.0
2021-06-21,14500,1,1.0
2021-06-21,10500,1,3.0
2021-06-22,10500,1,4.0
2021-06-22,11450,3,3.0
2021-06-22,14900,1,1.0
2021-06-22,17200,3,4.0
2021-06-22,18050,7,10.0
2021-06-22,18450,2,5.0
2021-06-23,18500,1,3.0
2021-06-23,18050,2,12.0
2021-06-23,17200,2,6.0
2021-06-23,17150,1,2.0
2021-06-23,17420,1,2.0
2021-06-23,14900,2,3.0
2021-06-23,11500,1,1.0
2021-06-23,11450,1,4.0
2021-06-23,16550,1,2.0
2021-06-24,18500,2,5.0
2021-06-24,18050,5,17.0
2021-06-24,17200,2,8.0
2021-06-24,17150,1,3.0
2021-06-24,14900,6,9.0
2021-06-24,12380,2,6.0
2021-06-24,11450,1,5.0
2021-06-24,16550,3,5.0
2021-06-25,14900,5,14.0
2021-06-25,18050,3,20.0
2021-06-25,17200,3,11.0
2021-06-25,16550,6,11.0
2021-06-25,12930,1,1.0
2021-06-25,18500,3,8.0
2021-06-25,11520,1,2.0
2021-06-25,11570,2,3.0
2021-06-25,10500,1,5.0
2021-06-25,17420,1,3.0
2021-06-25,11450,1,6.0
2021-06-25,11500,1,2.0
2021-06-26,18500,2,10.0
2021-06-26,18050,7,27.0
2021-06-26,17200,3,14.0
2021-06-26,16550,1,12.0
2021-06-26,13010,1,1.0
2021-06-26,14900,1,15.0
2021-06-26,12850,2,2.0
2021-06-26,11570,3,6.0
2021-06-26,11520,1,3.0
2021-06-26,10500,3,8.0
2021-06-26,12930,1,2.0
2021-06-27,15950,1,1.0
2021-06-27,17200,2,16.0
2021-06-27,18050,5,32.0
2021-06-27,16550,3,15.0
2021-06-27,14900,1,16.0
2021-06-27,11520,1,4.0
2021-06-27,11570,6,11.0
2021-06-27,11500,1,3.0
2021-06-27,10500,1,9.0
2021-06-27,12850,1,3.0
2021-06-27,10750,1,1.0
2021-06-28,18500,1,11.0
2021-06-28,11500,1,4.0
2021-06-28,11520,1,5.0
2021-06-28,11570,2,13.0
2021-06-28,12930,1,3.0
2021-06-28,14900,2,18.0
2021-06-28,16550,2,17.0
2021-06-28,17100,1,1.0
2021-06-28,18050,4,36.0
2021-06-29,17420,1,3.0
2021-06-29,18500,1,12.0
2021-06-29,16550,5,22.0
2021-06-29,18050,5,41.0
2021-06-29,16260,1,1.0
2021-06-29,17100,3,4.0
2021-06-29,12380,2,8.0
2021-06-29,11570,1,14.0
2021-06-29,14900,4,22.0
2021-06-29,11500,1,5.0
2021-06-29,10750,1,2.0
2021-06-29,10500,1,9.0
2021-06-30,18500,3,15.0
2021-06-30,18450,1,6.0
2021-06-30,18250,1,1.0
2021-06-30,18050,5,44.0
2021-06-30,17420,1,4.0
2021-06-30,17200,2,17.0
2021-06-30,16550,4,26.0
2021-06-30,16260,2,3.0
2021-06-30,14900,1,23.0
2021-06-30,12930,1,4.0
2021-06-30,12850,1,4.0
2021-06-30,12380,1,9.0
2021-06-30,11570,4,18.0
2021-06-30,10750,1,3.0
2021-06-30,10500,2,11.0
2021-07-01,18500,1,16.0
2021-07-01,18250,1,2.0
2021-07-01,18050,3,46.0
2021-07-01,17200,1,18.0
2021-07-01,17100,3,7.0
2021-07-01,16550,1,27.0
2021-07-01,16260,3,6.0
2021-07-01,10250,1,1.0
2021-07-01,12930,6,10.0
2021-07-01,12850,3,7.0
2021-07-01,12380,1,10.0
2021-07-01,11570,3,21.0
2021-07-01,11300,2,2.0
2021-07-01,14200,1,1.0
2021-07-02,14900,1,24.0
2021-07-02,18050,1,47.0
2021-07-02,17200,4,22.0
2021-07-02,17100,1,8.0
2021-07-02,16550,5,32.0
2021-07-02,18500,2,17.0
2021-07-02,15950,2,3.0
2021-07-02,14170,1,1.0
2021-07-02,11650,2,2.0
2021-07-02,12930,2,12.0
2021-07-02,12850,4,11.0
2021-07-02,12380,2,9.0
2021-07-02,11570,4,25.0
2021-07-02,11500,1,6.0
2021-07-02,10750,1,4.0
2021-07-02,10500,2,13.0
2021-07-02,14100,1,1.0
2021-07-03,18050,4,51.0
2021-07-03,17420,5,9.0
2021-07-03,17100,1,9.0
2021-07-03,12930,3,15.0
2021-07-03,12850,3,14.0
2021-07-03,12380,1,9.0
2021-07-03,11570,1,26.0
2021-07-03,11500,4,10.0
2021-07-04,18050,5,56.0
2021-07-04,18250,1,3.0
2021-07-04,17420,3,12.0
2021-07-04,17200,1,23.0
2021-07-04,17100,1,10.0
2021-07-04,16550,6,37.0
2021-07-04,14000,3,3.0
2021-07-04,11450,1,7.0
2021-07-04,12850,1,15.0
2021-07-04,12380,2,11.0
2021-07-04,11570,1,27.0
2021-07-04,11520,2,6.0
2021-07-04,11500,1,11.0
2021-07-04,10500,1,13.0
2021-07-04,12930,2,17.0
2021-07-05,16260,2,8.0
2021-07-05,18050,2,58.0
2021-07-05,16550,2,39.0
2021-07-05,14900,2,26.0
2021-07-05,18500,1,17.0
2021-07-05,12850,2,17.0
2021-07-05,11570,3,30.0
2021-07-05,10500,1,13.0
2021-07-05,12930,1,18.0
2021-07-06,14900,2,27.0
2021-07-06,12930,1,19.0
2021-07-06,16550,1,40.0
2021-07-06,12850,9,26.0
2021-07-06,17150,1,3.0
2021-07-06,11570,3,33.0
2021-07-06,11500,1,12.0
2021-07-06,11300,1,3.0
2021-07-06,10500,1,13.0
2021-07-06,12380,1,12.0
2021-07-06,17420,1,13.0
